https://site.ru/static/image0.png;5;space;music;lakes;birds;smartphones;childrens;tourism
https://site.ru/static/image1.png;5;forest
https://site.ru/static/image2.png;4;smartphones
https://site.ru/static/image3.png;3;childrens;animals;music
https://site.ru/static/image4.png;5;fishing;computers;lakes;tourism;birds;science
https://site.ru/static/image5.png;4;smartphones;animals;birds;school;music;forest;science
https://site.ru/static/image6.png;2;forest;childrens;lakes;school;computers;space;tourism;fishing
https://site.ru/static/image7.png;3;fishing;computers;electronics;forest;tourism;space
https://site.ru/static/image8.png;2;science;forest;birds;animals;electronics;childrens;fishing;smartphones
https://site.ru/static/image9.png;2;school;science;fishing;space;music;clouds;tourism;computers;lakes
https://site.ru/static/image10.png;4;smartphones;school
https://site.ru/static/image11.png;3;school;clouds;science;forest;music
https://site.ru/static/image12.png;2;fishing;tourism;animals;birds;forest;science;clouds
https://site.ru/static/image13.png;5;clouds;animals;electronics;fishing;forest;lakes;childrens
https://site.ru/static/image14.png;4;science;forest;school
https://site.ru/static/image15.png;2;smartphones
https://site.ru/static/image16.png;5;birds;space;forest;childrens;tourism;fishing;science;school
https://site.ru/static/image17.png;3;forest;science;fishing;lakes;clouds;electronics;space;smartphones;school
https://site.ru/static/image18.png;4;computers;music
https://site.ru/static/image19.png;4;school;clouds;childrens
https://site.ru/static/image20.png;5;science;fishing;childrens;smartphones;animals;computers;clouds;music
https://site.ru/static/image21.png;1;tourism;lakes;music;electronics;school;childrens;fishing;space;science
https://site.ru/static/image22.png;1;smartphones;space;birds;fishing;lakes;forest;school;science
https://site.ru/static/image23.png;5;fishing;animals;music;lakes
https://site.ru/static/image24.png;2;science;music
https://site.ru/static/image25.png;2;lakes;electronics;birds;school;tourism;childrens;space;music;animals
https://site.ru/static/image26.png;1;tourism;electronics;music;science;forest;lakes;school;computers
https://site.ru/static/image27.png;4;music;smartphones;animals;childrens;forest;tourism
https://site.ru/static/image28.png;5;space;fishing;music;clouds;smartphones;school
https://site.ru/static/image29.png;4;clouds;forest;animals;smartphones;music;electronics;computers;childrens
